actual_value,xgb_predicted_value
0.477,0.4633082
0.458,1.153236
5.00001,4.2035255
2.186,2.4893296
2.78,2.312344
1.587,1.5935254
1.982,2.2505114
1.575,1.6439147
3.4,2.8524597
4.466,4.3346133
1.232,0.9213368
2.539,1.9489608
2.151,1.6246456
2.205,1.7765
2.198,2.2948055
1.362,1.6139706
1.784,2.1727629
1.875,1.9816823
1.398,1.6829841
1.375,1.1185997
4.25,3.556336
4.056,3.6646986
1.388,1.3368441
5.00001,4.2829323
1.621,1.5863551
0.514,0.39634687
1.513,2.070405
0.948,0.82217944
2.041,1.4431593
3.615,3.8909853
0.851,1.3007175
1.384,1.5091147
1.375,2.2521398
4.65,3.9665074
2.718,2.3289883
2.394,2.5303702
3.409,3.2234855
1.504,1.5196029
1.281,1.0937246
1.56,1.3646797
2.581,3.1013625
0.905,1.2432907
0.713,1.1522092
2.197,2.5064263
1.51,1.4934039
2.901,1.9930056
1.42,1.350047
2.915,1.7217185
2.554,2.6843262
0.981,1.0098367
2.519,2.108475
1.621,1.8859642
1.294,1.4413886
0.894,0.6771404
1.505,1.4935039
1.338,1.5981405
0.804,0.8418564
2.111,2.1455853
2.556,2.3048701
2.145,1.8345646
5.00001,3.5837789
2.021,2.2374737
0.815,0.9820267
0.988,0.98376375
2.819,3.0711427
1.846,1.8242092
2.547,1.6233662
1.431,1.5890852
1.625,1.8483438
1.426,1.5945092
0.859,1.0426785
1.869,2.2003257
0.713,0.75396836
1.744,1.6918786
2.25,1.8437239
1.465,2.1932852
4.05,3.9852169
1.896,2.011012
1.644,1.8050406
3.375,2.5923977
0.725,0.71516705
1.438,1.7206076
1.6,1.6463517
1.181,1.6376168
3.74,3.7947333
2.027,2.3509736
0.966,1.1324948
0.658,0.73870236
1.674,1.9780658
1.798,1.9913924
0.967,1.3367145
2.661,2.6895652
0.911,0.9142045
0.498,0.37150577
0.907,0.94869196
1.158,1.2320604
2.786,3.805575
2.5,1.7282468
0.85,1.7897024
1.77,1.7329416
0.997,1.7181299
3.576,4.198212
4.75,3.5331178
2.736,2.6476388
1.824,2.2305179
1.578,1.4285601
1.938,2.2024336
3.336,3.0257187
2.646,2.362034
0.584,0.8539109
1.734,1.5703752
2.148,2.2895265
2.0,3.7329893
4.228,4.022012
0.936,1.647048
1.222,2.1923862
1.676,1.7563891
3.036,2.9560215
2.693,2.4203086
2.644,2.0316927
1.91,1.6280537
1.538,2.1251814
2.755,3.4813514
2.088,1.7663894
1.423,1.2901231
0.635,0.63236415
0.958,0.8231953
2.317,2.3575633
2.215,3.1058633
0.895,1.8899214
2.26,3.2936125
5.00001,4.804601
2.702,2.703942
0.596,0.773412
1.933,2.192546
1.336,1.2326382
1.619,2.146084
3.575,3.036704
2.765,2.2752652
4.107,3.1578212
3.75,2.1506753
1.352,1.2547358
1.672,1.5275791
2.52,2.2022724
3.084,4.1581583
1.721,1.3970664
5.00001,4.3320026
1.938,1.8413445
1.052,0.7721798
0.908,1.123724
1.688,1.9632491
1.621,1.2722805
1.612,1.7825816
1.375,1.4368067
2.893,2.9337332
2.787,2.8890405
1.617,2.391049
2.31,2.4266217
0.875,1.0430492
0.957,1.0694716
2.406,2.0224504
2.141,2.0773103
4.286,4.1428323
1.25,1.5881772
0.764,0.82162327
2.638,3.2236533
1.204,1.8028827
1.091,0.77739984
1.706,2.1906972
2.574,2.4933863
3.2,3.4573479
2.896,2.6771433
3.073,2.9459782
3.255,3.207241
0.584,0.61923593
0.485,0.3160349
2.167,0.89854836
0.979,1.069454
1.586,1.6915655
0.69,0.8989641
3.223,3.1773586
4.677,3.3896968
1.63,1.7779529
2.871,2.6423066
0.546,0.41105962
0.904,1.2262828
1.555,1.6122128
1.75,2.2579045
4.112,4.3534393
3.321,2.8633535
1.412,1.4781848
2.471,2.496228
1.53,1.4218669
1.55,1.8621017
3.908,1.2901818
0.9,0.71076864
1.967,2.0063782
0.682,0.83544147
5.00001,5.0272408
0.921,1.2276905
2.979,2.7544506
5.00001,4.61493
3.323,3.0738087
1.711,1.9859941
1.521,1.9504503
2.32,2.114202
1.271,1.4748151
0.875,0.9392379
2.034,1.7931244
2.286,1.8132111
1.167,1.2691866
4.167,4.8639607
2.276,2.1461298
2.679,3.2274435
0.972,1.0134009
1.375,1.390923
1.988,1.7175118
0.686,0.4158497
3.525,2.7174945
1.038,1.2479341
1.078,1.0305504
1.317,1.5419434
2.713,3.6390376
0.973,1.8353742
0.95,1.135718
0.675,1.5963764
3.261,2.6681917
0.656,0.99379176
2.256,1.876359
2.638,2.7755096
3.483,3.132174
3.25,2.6171002
1.088,1.7529624
4.0,3.8437786
1.384,1.0178822
0.61,0.6621377
4.531,4.932387
5.00001,5.2835975
1.202,1.4916407
3.292,2.5305536
1.963,2.5924785
1.5,1.161889
1.52,1.7617646
1.699,1.5195025
1.375,1.7905785
2.83,2.540386
4.045,2.6767128
1.935,2.3996878
2.051,2.7663808
1.456,1.5645077
2.25,1.116141
2.159,2.056555
1.585,1.7247874
1.247,1.4206182
0.654,0.64912677
2.802,2.4878159
1.805,1.4816059
1.054,1.2629683
1.0,1.1413966
1.663,1.4686733
1.58,2.122245
2.438,2.7535834
3.629,3.970983
2.019,1.7680634
0.526,0.7446394
5.00001,3.939998
1.12,1.2759967
2.25,2.090489
4.399,4.3469357
0.883,1.408831
5.00001,5.1341615
2.768,1.8098412
1.792,1.722115
1.997,1.876208
1.32,1.1416966
0.613,1.4430119
1.719,1.9778829
1.238,1.3593279
1.353,1.0788473
1.371,1.5917987
1.293,1.7320741
2.279,2.7379878
0.944,1.0510703
1.035,1.3153474
3.208,2.7243032
1.25,3.8296552
3.324,3.2907326
1.591,1.4733801
2.369,2.8835988
4.616,4.546117
1.569,1.7451448
1.482,1.3324751
1.665,1.4605181
1.969,2.032783
1.678,1.6732666
1.267,0.6936404
5.00001,3.1864715
0.579,0.66654664
2.38,2.425524
1.42,1.7328513
0.869,1.0555655
0.56,0.92571557
5.00001,5.068451
1.124,1.2438008
0.636,0.965428
4.313,4.6235476
2.659,2.0575852
0.58,0.8222921
1.941,3.0662818
1.428,1.5819106
1.787,1.5989043
1.875,2.2702527
2.25,2.8219209
3.13,2.7515583
5.00001,5.293852
1.536,1.5264288
0.623,0.76049036
1.945,1.9837762
1.639,1.6808244
3.988,3.5501437
2.041,2.2367744
1.993,2.242605
1.767,1.8774184
5.00001,5.049535
2.489,1.9820796
1.5,1.473223
2.317,2.031804
0.58,0.8382901
1.26,1.3866043
1.633,1.3942298
1.134,1.4452333
3.0,2.0960834
3.109,3.4227989
2.188,2.0707905
0.704,0.95495963
2.377,2.6649528
1.188,1.2160555
0.731,0.6406046
0.75,1.2016066
4.507,4.285711
2.402,2.2465682
0.658,0.62710613
0.647,0.34456223
1.751,2.1060035
2.237,2.1432526
0.963,1.118911
4.051,3.9254515
3.768,3.1826587
5.00001,5.4717827
3.5,2.6278875
1.625,2.2085962
1.773,1.9288795
0.984,1.289658
1.388,0.7991044
1.75,2.298435
2.609,1.7349236
1.047,0.827542
1.595,2.2178228
2.959,2.8313034
1.375,2.755677
5.00001,4.233858
2.27,2.1167436
2.639,1.8657326
1.604,1.4419328
1.42,1.8370421
1.625,1.6449949
2.304,2.0277145
5.00001,4.430845
2.177,2.5632167
1.83,2.2979252
2.458,1.8415642
1.292,1.3377255
0.604,0.6935684
0.675,0.70512646
2.952,3.1066408
1.926,2.1052437
1.506,1.6622516
1.257,1.5323379
0.634,0.8558743
1.513,1.834014
2.456,3.2830858
5.00001,4.49397
1.655,1.8521413
1.135,1.2399039
3.222,3.1477091
3.625,3.8397427
0.696,0.55088407
1.561,1.543644
0.875,1.3018179
1.931,2.555122
2.18,2.1317804
1.018,1.0836759
1.291,1.713794
1.563,0.9315677
1.832,1.5431997
1.481,1.4591101
5.00001,5.098129
2.221,3.26947
1.676,1.9659551
1.845,1.9376613
3.7,4.193694
2.394,2.4942968
1.667,1.5567437
2.333,1.8393663
2.4,2.3702316
0.913,0.6960088
4.835,4.693189
1.505,1.8068252
0.995,1.4538949
2.402,2.0052793
0.955,1.3655382
5.00001,5.3795233
2.516,2.29811
1.208,1.1665609
1.357,1.2831353
2.254,2.344189
5.00001,3.961983
0.851,0.7338896
5.00001,3.9046423
1.648,1.539942
1.116,1.2261481
1.61,1.376211
2.137,2.0571158
1.165,1.1387329
3.5,4.353821
1.599,2.1475332
4.383,2.8779352
1.711,1.915582
2.711,3.1200402
5.00001,2.7341194
0.68,1.0336275
1.917,2.1997657
2.559,2.6223254
1.125,1.5438511
1.822,1.6018665
3.476,3.1723983
3.32,2.8560593
1.109,1.2819253
2.119,2.2256265
2.625,2.5467098
2.379,2.1753216
0.9,1.157445
4.272,3.77965
3.705,3.729053
1.163,1.1152977
1.708,1.6080257
2.855,3.399863
1.115,1.6560518
0.832,1.3161464
2.482,2.4489675
3.955,3.4621673
2.183,2.2314787
5.00001,4.478182
0.889,1.0294762
1.81,1.5666624
2.809,3.59232
3.453,2.9043167
1.81,1.9628909
1.922,2.2277613
0.781,0.6214254
0.75,1.104366
4.333,4.1696043
1.601,1.7403405
1.092,1.1228077
0.962,1.3061521
1.914,1.4440157
3.6,2.5072007
1.856,2.1903293
1.188,1.0189847
1.227,1.1576772
2.063,1.9578258
1.956,1.570984
0.756,1.0298915
1.043,1.073852
3.859,3.782573
1.139,1.2071898
0.794,1.1662507
0.813,1.0023285
1.292,2.07257
0.735,0.9183236
1.759,1.7268035
1.424,1.8266091
2.341,2.0482163
2.867,2.8051348
0.925,1.1090403
1.701,1.6506683
1.618,1.7705956
2.253,2.484097
1.706,1.7151225
3.194,3.1425235
0.958,0.8676188
0.734,0.71809036
0.936,1.1494615
0.517,0.4584762
3.587,3.5667057
0.647,0.78603303
3.442,3.146748
3.14,3.3061604
1.857,2.4842057
2.793,2.2668028
1.194,2.13717
2.804,2.8415751
1.871,2.0150154
0.838,0.83586156
3.093,2.2781353
2.292,2.609797
2.45,2.1284106
2.276,3.0487878
5.00001,4.26649
3.208,2.4659948
1.473,1.293563
1.623,1.8424919
2.659,3.05976
5.00001,4.6087956
1.891,1.7307199
3.164,3.429257
1.819,1.9386721
2.615,2.517327
0.69,0.62039626
1.813,1.8933038
2.93,3.101838
1.111,1.382535
2.183,2.8611007
1.472,1.4846784
2.438,1.614575
2.23,2.1820536
1.375,1.6505209
0.606,0.7083812
2.75,1.6698524
3.5,2.1996791
1.712,1.7134426
0.835,1.3768555
2.25,3.3307633
1.656,1.8219652
1.52,1.9019002
1.92,2.2013535
2.542,2.6581275
1.5,1.0843868
2.125,2.4612536
0.804,0.80391663
2.065,2.349484
3.311,3.7346005
2.014,2.5613103
1.884,1.9608119
1.954,2.63409
4.425,4.152368
1.527,1.9894122
5.00001,5.2490025
2.398,2.840067
1.594,1.2331054
0.918,1.2067349
2.409,2.6056688
1.364,1.3654208
1.036,1.0804523
1.325,1.392363
2.929,2.682237
0.628,1.3892615
1.121,1.2724091
0.891,0.95279264
1.207,1.3791218
4.714,4.0233345
3.147,3.4049098
2.264,2.4361176
4.097,2.718218
1.49,1.1301159
1.717,3.159413
2.355,2.8803053
3.228,2.9835727
2.445,2.5030677
1.622,1.7499294
3.409,3.7417302
0.574,0.3767242
1.989,2.202484
1.097,1.629683
1.375,1.384824
0.857,1.037382
0.983,0.91427016
1.782,1.7017636
1.375,2.7405689
2.75,2.8676932
3.815,3.0138607
5.00001,4.8297963
5.00001,5.180234
1.792,1.685047
2.045,1.9091595
3.941,3.88772
1.844,1.8075498
1.74,1.4534096
0.807,1.1532179
1.896,1.9214643
0.6,0.5846863
1.266,1.3183409
2.625,2.5120986
1.392,1.5932044
0.513,0.36135125
2.292,2.8601139
1.011,1.5698149
0.977,1.056407
1.583,1.3915777
3.491,3.8440928
0.855,1.5554969
2.141,2.4030402
2.271,2.4386516
1.557,1.4257119
0.668,0.782016
2.073,2.1917548
2.228,1.7475028
3.545,3.579438
3.405,3.5232286
0.529,0.57003325
1.406,1.7990427
1.508,1.7873912
0.561,0.5890458
2.596,2.7315636
3.189,2.9784906
1.484,2.2880707
2.899,2.386315
1.618,2.9970946
2.55,2.115059
0.875,1.6255194
2.45,3.0646584
3.05,2.8835
2.15,3.0413108
2.49,2.6579149
5.00001,5.3139787
3.2,2.4042304
1.74,1.9765735
2.925,2.4838405
5.00001,5.08264
2.899,3.1052685
4.384,3.55619
1.82,1.9478114
1.705,2.1229138
0.692,0.96486086
0.956,1.2199155
2.728,2.9397554
0.813,2.4018743
2.724,2.687974
1.526,1.1154581
0.559,0.8424345
2.135,1.9304578
3.313,1.6377158
2.018,1.8619946
0.571,0.73703396
3.318,3.6583138
3.659,2.2432983
1.275,1.0183035
1.118,1.0635597
3.537,2.7145934
2.293,2.5786345
0.875,1.1582156
2.375,2.5816202
1.133,0.93215597
1.125,1.0243108
1.385,1.2891375
3.074,3.352797
1.009,1.3043882
0.978,0.9106924
1.767,1.9283838
2.18,2.3462362
2.906,2.2940376
1.577,1.7412871
3.48,3.7700794
0.672,0.77771413
2.604,2.0498576
1.236,1.7541801
0.675,0.68629414
1.307,1.2857009
0.66,0.7594181
1.666,1.9648596
2.256,2.0749135
2.571,1.9656478
5.00001,4.1710773
1.139,1.4026285
0.91,1.2965866
2.174,2.2354186
0.96,0.96595496
1.292,1.4275622
3.502,3.2939093
4.421,4.312883
2.229,1.404082
0.813,0.841141
1.606,1.6337564
5.00001,3.6028783
3.412,3.7297738
2.879,2.9391408
3.447,4.1622305
1.8,1.9066986
1.678,2.350508
0.55,0.6565664
0.508,0.40352294
1.426,2.0612516
2.358,1.9454861
1.127,1.2425976
2.102,2.206473
2.107,1.1262848
0.654,0.5848936
1.625,1.9518815
1.503,2.1476295
5.00001,4.3415127
1.014,1.3962778
2.218,2.5556583
2.603,2.0856373
1.788,1.8399775
1.704,1.6879888
3.194,3.8059788
1.906,1.5971903
1.841,2.0530412
1.911,2.0207114
1.496,2.312035
5.00001,3.7903159
1.834,1.7984606
4.441,3.9374807
2.427,2.5472724
0.762,0.82395095
1.329,1.5907813
4.098,2.5868618
1.125,0.8522812
3.766,3.2724185
0.505,0.9447426
5.00001,4.1720557
2.095,1.854572
0.778,0.9170872
2.997,3.1876698
3.75,2.0963497
1.565,1.1183919
2.4,2.9004252
0.772,0.78673667
0.985,1.0695528
5.00001,3.3802874
1.104,1.8172431
0.864,1.4414247
2.304,1.9142963
1.639,2.1925304
5.00001,4.6134024
0.495,0.6372174
1.074,1.5813485
3.625,1.6717716
1.45,1.4394714
2.185,2.4260602
1.301,1.585976
1.46,1.6364436
1.525,1.0714031
4.572,4.6772275
1.652,1.8321496
3.947,3.6614633
1.444,1.460516
1.366,1.0263132
2.164,2.411829
1.39,1.2170982
1.038,1.0367821
4.885,3.9101305
2.271,2.8984866
2.38,2.4866116
2.156,3.4309242
2.923,3.5451622
1.459,1.5315605
1.873,2.0251822
1.854,1.3917439
2.8,2.2258575
1.411,1.2921524
1.909,1.9311926
2.625,1.314866
4.42,4.4052124
2.748,2.9420843
0.855,0.9154255
2.318,2.6075575
3.02,3.2008858
2.358,2.8802593
0.722,1.1580758
1.824,1.7722361
5.00001,4.4832373
0.787,0.7622651
1.813,2.0781233
1.98,2.1905005
1.996,1.9164639
0.633,1.0528898
0.94,1.3824751
1.868,1.855706
1.17,1.3771088
1.178,1.3573322
1.21,1.5654533
2.309,2.513296
4.273,4.2597437
1.281,1.6154869
3.847,2.5554
2.904,2.7246382
0.913,1.3275341
0.619,0.85492295
2.322,2.4323792
1.296,1.2096446
1.275,1.0594859
1.505,1.7625042
1.875,1.2602499
4.379,4.4245467
1.265,2.150169
4.534,4.758125
2.294,2.1260397
3.649,3.4054878
1.919,2.326356
0.875,1.7729175
0.3,1.12006
3.357,3.0496812
2.421,2.2664952
1.737,2.1068718
0.541,0.33889058
2.078,1.8497188
1.125,0.6372358
1.667,1.8288323
2.718,2.571073
1.411,1.6569531
3.75,1.5167159
1.616,1.5989877
1.594,2.3991308
0.863,1.119789
2.563,2.228139
2.132,2.2193987
2.541,2.4804084
1.326,1.5045375
1.693,1.772471
3.477,4.0107083
1.597,1.718085
0.909,1.8393219
2.905,2.7393594
1.899,2.396755
4.956,5.0209646
3.333,3.9371681
1.838,1.869633
1.89,1.7287614
1.575,1.1411401
0.666,0.5359677
1.324,1.5873046
1.56,1.7521125
3.481,2.8657334
2.264,2.8311787
0.742,1.1545293
1.583,2.0259426
5.00001,5.059583
1.655,1.8960305
3.295,2.653186
1.396,1.6136613
1.529,1.4346112
3.673,2.9911282
0.7,1.0414946
0.974,1.3831233
0.659,0.8501797
0.493,0.43243936
1.541,1.6142437
2.728,2.1347566
2.471,2.983362
2.688,1.8992982
2.476,1.9653288
4.168,3.5229647
1.216,1.0698826
1.717,1.6338009
1.738,2.6373546
2.356,3.1510098
2.601,2.5516636
2.0,1.9944977
2.966,2.440824
3.746,1.9783318
1.778,2.012164
2.695,3.0417356
0.62,1.0828657
1.976,1.8564328
0.527,0.64783895
1.914,1.8517818
3.177,3.1560228
3.294,2.5736232
3.307,4.1408663
1.874,2.399905
2.865,1.993543
5.00001,2.2055376
1.339,1.7324454
1.998,2.1584826
0.45,0.67144775
3.546,3.4695163
2.638,2.9326668
2.784,2.1160398
1.604,1.5519369
2.413,2.5356233
2.083,1.8235636
2.636,2.8018486
1.45,1.6201898
1.325,1.4898216
1.838,1.9256636
0.811,0.9653623
1.765,1.8433555
2.555,2.180636
1.661,2.0172706
1.02,1.5106516
0.861,1.0660594
1.006,1.0138344
5.0,3.7314067
2.099,2.7900667
0.525,0.66648847
2.629,2.0811367
1.588,1.5975667
2.095,1.7808185
3.5,2.153644
2.171,2.3726811
1.414,1.6222688
0.934,1.1109835
1.982,1.6254494
1.872,1.502554
1.853,1.7448778
5.00001,4.6815367
2.813,2.2769008
1.036,1.2003367
2.879,3.067225
2.083,1.8871635
1.75,2.5297914
1.327,1.2527517
1.72,1.5458043
5.00001,4.4936037
0.64,0.5384669
2.279,2.1806583
0.631,0.56754345
0.841,0.9650945
3.392,2.7025356
1.563,0.8857989
3.836,3.4165726
1.371,1.4500328
0.568,0.5332939
0.7,0.80001897
0.963,0.78734916
0.926,1.6239946
3.591,3.5318518
1.587,1.7943813
5.00001,4.4927363
1.146,1.8141316
4.102,3.7264056
2.819,1.9717371
1.017,1.0388147
1.693,1.8695817
2.078,2.4464345
3.272,3.407568
2.779,2.5503669
1.114,1.1458894
0.806,1.1513922
2.075,2.6575885
2.753,2.3970835
4.21,3.517593
1.288,1.6230478
3.139,2.9306426
0.676,0.8092035
0.644,0.8479028
1.539,1.7131618
1.307,1.2190965
2.385,3.0050902
3.796,3.8907685
1.465,2.2034385
1.503,1.9475884
0.803,1.4555199
2.933,0.89054483
2.88,3.0486147
1.441,1.8765963
1.27,1.3588868
1.521,1.9997157
1.568,1.1833669
1.049,1.0770189
5.00001,5.19362
1.344,1.490773
5.00001,4.993834
2.728,3.2024455
1.516,0.92484283
3.626,2.90104
1.692,2.0803177
1.404,1.808024
0.437,0.44924036
1.36,2.0015867
2.644,2.7595866
1.522,2.040968
1.375,2.2999878
2.147,1.590548
1.709,2.1655335
2.362,2.2437937
2.978,2.7889175
0.885,1.0404545
1.276,1.0877262
0.802,0.8825835
3.06,3.0367625
4.364,2.4103742
2.389,2.2079468
2.317,3.207826
1.229,1.3603321
2.182,2.4183102
3.97,4.5079236
2.603,1.6667728
4.357,3.7032356
1.64,1.8789033
4.405,3.2456324
0.854,1.1815197
1.019,0.9956222
1.594,2.2905974
1.903,2.6774788
1.0,0.77539873
1.396,1.5867387
5.00001,5.170801
1.545,2.3296492
1.705,1.8594494
1.106,0.93860966
1.912,2.6285312
2.872,3.8281515
1.501,1.4657112
2.383,2.35052
1.542,1.7144136
2.805,2.1949458
1.619,1.8274139
2.656,2.9664874
1.227,1.3343486
2.312,2.44068
3.191,2.9561138
2.313,2.1517496
5.00001,4.7302704
1.212,1.3035961
2.225,2.3052604
4.5,2.8872273
1.021,1.1608278
2.012,1.992761
1.042,1.0000608
5.00001,5.1967106
1.32,1.235078
2.211,2.2169297
1.516,1.4916111
1.469,1.3801339
1.512,1.6617391
1.651,1.8901253
2.136,2.694559
2.135,2.2135184
5.00001,4.0799932
4.38,3.8672323
1.838,1.9299806
3.5,3.187062
1.593,1.4516233
1.291,1.2981046
0.766,0.77954054
2.25,1.8075846
2.308,2.142201
4.318,4.352351
1.91,2.9902992
0.847,1.1965574
1.525,1.5797569
0.676,0.67094547
1.982,1.9397279
3.063,1.8644155
1.221,1.5346369
2.761,1.9143296
1.03,1.0267433
4.091,2.8058977
1.352,1.5999423
1.216,1.5240062
1.828,1.5967966
2.28,2.2974393
1.1,0.81755954
1.112,1.0757674
0.847,0.70789224
4.473,4.2870207
0.883,0.70503855
0.871,1.102214
1.875,1.8978635
1.469,1.6757643
1.031,1.2045287
3.437,3.7807043
0.982,1.3899941
2.625,1.7580079
0.774,0.8367752
1.351,1.3817272
1.347,1.5471056
2.313,1.9937357
1.586,1.5216151
1.016,0.8419788
1.22,1.3867542
3.8,3.8975148
1.894,1.7418709
4.4,3.5363853
0.7,1.007291
0.7,0.7262768
3.335,3.302346
1.018,1.2503668
5.00001,5.0441856
3.605,3.722475
1.695,1.9138598
2.056,1.6002457
1.663,1.7403157
0.325,0.8208734
3.627,3.1789129
1.745,1.4478985
1.976,1.9933932
1.83,2.3939722
1.583,1.7553006
1.002,1.3255115
0.875,1.2417109
4.611,3.4591353
1.902,2.8480818
2.323,2.0111
2.216,2.436428
2.269,3.0974202
2.242,2.3952417
1.198,1.6872982
0.782,0.912752
1.651,1.3134165
2.139,3.5266685
0.697,1.0058115
1.058,1.4653829
0.75,1.4525586
0.917,1.1969951
2.695,2.688054
0.682,0.81062996
1.658,1.8291531
1.546,1.7062238
4.727,4.2733607
3.459,3.8722255
2.307,2.4610896
3.0,2.2228837
2.494,1.8752657
4.357,3.9109187
2.258,2.421029
1.75,1.4358546
1.784,1.2943635
2.76,1.9480988
1.159,0.8459661
2.143,1.6477281
1.183,0.82769907
5.00001,3.140257
1.521,1.8889287
1.404,1.566793
2.226,2.0998974
4.445,3.3048825
5.0,4.422897
1.633,1.3137088
1.938,2.6912782
0.905,1.1143737
1.152,1.2562052
1.47,1.4304503
2.739,2.550822
1.909,1.8961256
0.748,0.81469476
5.00001,2.8976564
1.185,1.5674307
5.00001,1.1527829
0.55,1.847561
0.584,0.7223571
0.958,1.201741
0.992,1.416413
1.674,2.2615156
0.705,0.87262416
0.675,0.7908282
0.757,0.8881605
1.83,1.7457575
5.00001,5.1298556
0.973,1.0277259
2.3,2.9105551
0.829,0.99444497
0.522,0.6780924
1.148,1.5166745
0.88,1.0028741
2.242,2.2248752
1.5,1.5137609
3.417,2.9830155
1.817,2.2812016
1.406,1.925973
0.727,0.7237237
2.109,2.2063978
0.977,0.9226779
1.097,1.1682974
1.656,1.9874502
2.306,1.9841408
1.638,1.8022467
0.958,0.7624835
0.481,0.6200549
0.444,0.41070995
2.379,2.5385177
2.848,3.808705
1.648,1.3574635
2.0,1.5339473
0.778,1.1227025
1.86,1.8988229
1.697,1.4577205
4.188,2.2288742
0.733,1.1906705
0.87,0.98384535
1.682,2.091628
1.543,1.6034329
2.25,3.5745485
3.33,2.892423
2.259,2.3694632
1.381,1.4040066
1.127,1.0670182
2.316,2.5445287
4.191,2.67241
2.211,2.23061
1.554,1.918468
1.517,1.5337976
2.489,2.6683147
1.532,1.0178877
1.265,1.2809305
2.4,2.8345745
1.861,1.8687843
5.00001,4.446695
1.816,1.7949034
1.781,2.4946976
0.692,0.72812307
0.668,0.6384958
5.00001,5.1700573
1.813,2.5714264
3.964,4.0546994
1.875,1.8824835
2.979,2.6812239
3.454,3.7913592
2.451,2.1034307
1.055,1.3129269
1.011,0.7148346
1.417,2.431917
4.309,3.471376
2.863,2.29341
1.13,0.8026827
4.667,4.1174955
1.686,1.6480933
3.605,3.0650654
2.564,2.7096953
1.139,1.6449509
3.504,4.123959
2.091,2.196296
1.315,2.2919655
2.167,2.5661287
1.013,0.75045323
2.028,2.36046
1.176,1.598566
2.926,2.620758
5.00001,5.0461216
1.303,1.2314678
0.924,0.81062996
1.125,1.3879037
1.542,1.1673304
1.04,0.69132423
1.216,1.9768364
2.063,2.239412
1.083,1.299496
3.494,3.512657
0.833,0.66479075
2.458,2.7443888
0.915,1.7590915
5.00001,5.02954
5.00001,3.2153258
1.905,1.809069
1.083,1.1202427
0.896,1.0807375
5.00001,4.9810257
0.946,1.4550381
0.675,3.3164537
1.775,2.260072
2.613,2.4976537
5.00001,2.6212242
1.684,1.7557652
2.453,2.393385
2.4,2.7738652
1.565,1.1029537
5.00001,3.1501486
2.356,2.589804
1.856,1.783112
3.167,1.7826287
1.188,0.8515696
2.485,2.4526594
2.365,2.6954517
0.946,0.83692855
1.768,1.5981956
1.486,1.8390859
1.953,1.8823401
2.159,2.0072696
1.266,1.6892705
1.739,1.8698679
1.83,2.2931945
0.743,1.225565
2.247,1.9237901
1.016,0.80159557
3.91,3.1447196
2.65,1.8889128
5.00001,4.658453
1.865,2.0732954
0.78,0.9960546
0.808,1.0291566
1.896,2.370424
1.992,2.7947495
1.896,1.7924677
1.6,1.5822229
3.753,3.9288938
1.667,1.3183213
2.156,2.260346
2.286,2.0232594
1.713,1.4975895
4.31,4.088452
2.751,2.3257306
2.768,3.1721435
0.463,0.46727887
1.44,1.474778
0.943,0.89936477
1.576,1.2825731
1.945,2.2513266
3.511,2.6587424
4.534,3.3153176
2.246,2.0647707
1.556,1.6450523
2.42,3.8622696
0.7,1.1489385
0.713,0.9999308
0.668,1.0725323
1.531,2.8543143
1.375,1.7629286
2.304,2.5240917
2.422,2.5100286
3.019,2.3728273
4.158,3.1224632
1.565,1.7770778
0.786,0.82130116
4.414,3.9095364
1.843,1.7938384
2.765,3.3945358
2.328,1.9048276
0.604,0.90528584
2.241,2.4251902
4.39,3.3759804
1.231,0.94292885
2.557,3.0014727
0.576,0.79263693
1.998,2.1807914
0.513,0.5565194
3.482,3.7588425
3.628,3.8298025
2.403,2.4423184
0.736,0.7826589
1.726,1.6501986
2.29,2.6392505
1.663,1.8369313
0.833,1.383782
5.00001,4.9982595
3.329,2.947232
0.543,0.7345842
2.417,2.8596258
3.875,3.6294224
1.364,2.3555684
0.983,2.3015587
1.76,2.5319362
0.63,0.67508984
2.369,2.178341
0.972,1.6555197
2.2,2.8394904
1.058,1.2978606
2.709,2.671063
0.994,1.1276057
1.663,1.561231
1.438,1.6488686
1.406,1.3685892
3.309,3.2864113
1.569,2.2588937
5.00001,4.0854015
1.625,1.9799392
1.248,1.5387001
2.161,1.7840691
1.714,1.9566817
3.256,3.101319
1.098,1.0751377
2.762,2.821596
1.299,1.4405177
2.923,2.8128712
3.415,3.4940996
0.668,0.78427064
2.388,1.9415048
0.774,0.92426825
0.824,0.86038727
3.599,3.6556253
4.657,4.248078
2.14,2.3461063
1.071,1.2719871
1.578,1.7256266
1.193,1.5529945
2.329,2.4878197
1.795,1.9931732
0.701,0.72496986
0.55,1.4828447
0.659,0.6069163
0.996,0.9632969
5.00001,4.434706
1.641,1.9434412
0.77,1.1016378
1.403,1.4212742
1.729,1.600553
5.00001,3.279634
3.143,2.2234116
5.00001,4.089986
5.00001,5.0430884
1.43,1.5911655
2.806,2.7965097
3.75,3.2504969
1.375,1.6777126
3.371,3.0872266
1.28,1.5899241
1.854,2.0021865
0.63,0.91278046
1.095,1.6022301
4.0,1.9581664
1.519,2.846244
0.563,0.65840197
1.025,0.7482676
2.25,3.2276635
1.455,1.8336929
3.631,2.7307706
2.49,2.2252822
4.153,3.6165977
2.674,2.071597
0.75,1.0323809
2.5,2.5233793
1.618,1.2633266
0.975,0.7597732
1.115,1.3359224
0.873,1.0466361
2.729,3.2953842
1.244,1.0177104
2.287,3.2530813
2.295,2.1895845
1.625,1.6229135
0.8,1.4508605
1.188,1.3597777
2.442,3.2334082
1.875,1.7417326
2.46,2.183743
1.026,1.1635667
1.167,1.037489
1.375,1.5772519
1.719,2.9729614
1.031,1.2774495
2.391,2.3812103
1.94,2.316086
2.199,2.1596663
3.8,4.529943
1.557,1.6540267
0.899,0.8704795
0.893,1.5420085
0.55,0.7900266
0.498,0.44356272
1.464,1.4498583
2.78,2.9351466
2.887,3.6130452
1.292,1.5981807
2.216,2.4139247
0.856,1.7042537
1.604,1.4621961
0.576,0.938715
3.485,3.0969307
1.994,2.650099
0.971,1.2018296
0.581,0.8590789
3.01,3.0839276
0.742,1.1784481
2.494,3.1149385
2.67,2.5710711
1.199,1.1597275
0.777,0.5678128
1.434,1.4251535
0.612,0.7433936
2.068,1.8235085
3.282,2.6982503
3.606,3.324473
1.078,1.2775463
0.515,0.35846204
0.675,1.0029765
1.841,1.5186021
2.0,1.9024683
3.54,2.2416818
3.938,3.2868252
1.321,1.4214494
3.065,2.7110431
1.349,1.1883258
3.193,3.8924675
3.039,3.088448
3.5,1.4095359
2.312,2.5626557
1.313,1.5524848
1.208,1.3587587
1.352,1.1480966
0.689,1.0632758
4.25,2.2924883
1.605,1.6485094
1.51,1.6777754
3.495,4.5144854
0.602,0.70250297
3.964,3.446737
2.785,3.3075562
2.393,1.5908071
2.249,2.3756597
0.913,1.2372873
1.114,1.3202908
1.508,1.2298105
0.647,0.4099865
3.588,3.291813
2.328,1.9347662
0.544,0.647279
0.982,0.7835238
2.258,2.0472465
1.161,1.6612788
1.964,2.2328818
1.232,0.8815479
1.564,2.6425831
1.668,1.6784593
2.159,2.1049929
1.173,1.3739934
2.432,1.8161708
0.729,0.9813273
1.917,1.9425734
0.6,2.2101095
1.954,1.9633753
1.116,1.7671794
2.685,2.4699678
2.6,2.729463
0.894,1.1890347
2.352,3.5174997
3.861,3.219388
1.875,1.5514842
2.234,2.500447
1.203,1.5458883
1.358,1.2108455
3.074,2.8642945
3.268,2.110151
0.703,1.0901015
0.682,0.76858217
1.146,1.1780854
1.772,2.1503272
0.819,0.96811163
0.906,1.3101106
0.568,0.7119766
3.238,3.1835709
2.444,1.4956678
1.443,1.6629044
1.642,1.5086693
2.376,2.4752908
2.43,2.3862555
0.833,0.67178565
0.875,0.8683609
1.317,1.580941
0.47,0.70485663
1.953,1.6757675
1.841,2.2305028
1.288,1.2212176
1.182,0.9033055
2.128,1.8679082
1.413,1.1044782
2.271,2.0481348
0.808,1.863693
2.013,1.8935407
1.833,2.1348941
1.55,1.7190329
1.438,1.7901516
1.375,2.988402
2.801,2.2095094
2.459,2.4744906
2.436,2.3362727
1.03,1.4986081
1.038,0.978842
2.359,2.2394838
1.619,1.9932579
3.944,3.9753559
1.458,0.8083114
1.848,1.831469
2.423,2.458183
3.355,2.406235
1.655,1.4083003
2.048,3.3494327
1.597,1.6131487
1.691,1.6678612
4.786,2.6862402
2.589,2.793145
3.24,3.0615497
1.031,1.1210227
1.381,1.8369702
0.916,1.2463453
2.289,3.0424974
1.388,1.3449812
2.522,2.3972793
4.203,4.640624
2.436,2.4153388
1.421,1.6663436
0.675,0.43440944
0.928,1.1606976
1.908,2.8983436
2.239,2.0299597
1.434,1.7153246
1.327,0.94822127
0.99,0.9906914
0.677,0.7479051
2.274,2.6178737
2.286,2.4536934
1.358,1.5513669
3.621,3.3907773
2.813,3.6830513
5.00001,5.319142
0.906,1.3416677
0.663,1.0355328
1.502,1.4721825
1.703,1.5857513
0.993,0.70653236
3.229,4.1316094
2.132,1.3606877
2.17,2.335818
2.679,1.7011888
2.063,2.1378808
3.768,3.0479288
0.875,0.8022802
3.047,2.8775725
4.602,3.3810496
1.285,1.1364273
2.846,3.5485237
1.196,1.4008917
2.086,1.9380754
1.175,2.620618
0.669,0.75940937
2.048,1.7422926
0.746,1.3445889
1.091,1.1767068
1.143,1.6419269
3.083,3.0852442
1.13,1.2127695
0.917,0.49331865
1.342,1.2939438
4.25,3.3224046
0.539,0.64924425
3.106,2.2357795
2.417,3.3482687
2.268,2.0419571
1.008,1.1372645
2.38,2.1159272
2.455,2.2340896
1.565,1.8614403
1.156,1.2121962
0.664,0.58793145
0.588,0.815712
2.236,1.8120261
1.693,1.8672304
1.667,1.3782475
2.25,2.5660717
0.726,0.7808741
1.603,1.635474
1.475,1.2867416
0.912,2.0520196
2.083,1.1701607
3.353,2.9672713
0.58,0.8816657
2.265,1.8617731
3.452,3.8228757
1.068,1.0270011
5.00001,2.3277009
2.75,3.168253
0.958,1.1946943
0.972,1.5179552
1.55,1.2660007
4.0,3.8226967
5.00001,2.8003867
3.043,2.5708945
3.592,3.6895995
1.447,1.6546279
3.528,3.293686
3.556,3.125182
0.991,1.226152
2.504,2.288108
1.056,1.1293924
5.00001,4.7703447
1.62,1.8074292
2.722,2.761022
2.459,2.9253116
1.833,1.7814426
2.207,2.75099
1.61,1.9018941
3.039,3.317957
2.662,2.0546787
0.901,0.90148246
0.875,1.118326
2.094,1.7427536
1.887,1.9515177
1.014,1.1702614
3.875,3.8326797
3.591,3.1265235
3.273,3.2635787
2.792,2.647767
2.336,2.8502593
1.635,2.3309963
1.242,1.9028229
4.5,3.8634336
1.119,1.3352098
0.908,1.0878564
1.206,1.3797618
4.838,4.3074822
3.667,3.4716692
2.01,1.7965025
3.336,2.9583433
3.625,2.3017604
1.701,1.6664659
2.467,2.4305093
1.612,1.8014756
1.47,1.3489763
1.179,1.562646
1.113,1.0084118
2.665,2.7079341
1.135,1.1618558
3.291,2.9659503
5.00001,4.3671317
2.365,1.76836
1.222,1.1801406
0.819,0.869509
3.864,4.1015506
1.848,1.7248269
1.607,1.8583597
1.016,0.79858834
4.24,4.5104
2.625,2.4008029
3.694,3.0412736
1.151,1.6391585
2.817,1.9881219
0.981,1.2971836
1.311,1.4229817
2.518,2.0404615
2.327,2.371076
1.392,1.2012321
0.715,0.9495455
3.405,3.5270538
2.708,2.5054796
1.556,1.9424279
0.892,0.8066341
1.67,1.7419031
1.031,0.8633578
1.805,1.7128029
0.512,0.60326654
2.046,2.195198
3.872,2.1995425
1.625,1.24599
1.204,1.2773218
1.397,1.568378
0.982,0.8262219
2.694,2.5539865
2.691,2.8916023
5.00001,3.5039237
0.496,0.73337287
0.58,0.7962011
0.659,0.65465033
1.754,1.6367905
3.918,3.5671725
2.808,2.39292
0.907,1.6004308
5.00001,5.4298706
0.923,1.258407
2.271,2.5134346
1.625,1.6326755
2.909,2.9962041
1.831,1.8128713
2.832,3.249399
1.774,2.6954322
2.387,2.5302722
3.213,2.8690343
2.615,3.316783
0.993,1.4558069
2.261,2.1840723
0.517,0.3693986
1.569,1.5173101
1.609,1.5366439
2.224,2.8725727
3.052,2.8139138
1.388,1.4702938
2.307,2.2948434
0.943,0.87459856
0.972,1.0697194
3.821,3.7466073
1.932,2.366709
2.095,2.1559672
2.314,1.7266523
0.893,1.3676606
1.961,2.114345
1.135,0.79696864
1.784,2.726803
4.065,3.5181282
2.282,2.0636523
2.348,2.4154758
2.313,1.8858914
5.00001,4.7416387
1.841,2.020244
2.137,2.3575084
5.00001,4.6284513
1.692,1.7938384
2.324,2.3426664
3.517,4.340684
2.346,1.9949063
1.125,2.8192496
1.452,1.4883935
0.872,1.1651561
0.535,1.2198143
0.438,0.5297218
0.942,0.93276495
2.188,1.684215
1.919,1.9758134
1.322,2.5666952
0.468,0.45598152
1.497,2.0152006
1.263,1.2928965
2.559,2.4922714
0.945,1.0565398
2.371,2.116741
5.00001,4.452958
0.875,1.4983286
1.266,1.3417062
2.451,2.345533
1.574,2.0550828
0.784,0.76587176
2.181,2.1295185
3.5,2.3729944
1.984,1.9037085
1.439,1.3999712
3.379,3.834032
0.763,1.0081596
1.601,1.8832133
1.306,1.3706645
1.125,1.1704776
3.292,2.4635608
2.333,1.91336
0.992,1.2115699
1.979,1.8699453
2.041,2.6903098
3.5,3.3569593
0.621,0.47917187
1.404,1.586621
1.521,2.228909
1.305,0.92110324
1.951,2.482892
1.995,2.5139618
1.375,1.1702462
2.75,1.9887071
1.229,1.6491622
1.09,1.3474624
1.217,1.0093735
3.02,3.4609149
2.417,1.9451092
1.532,1.6568907
1.693,3.1215856
3.585,4.382716
1.75,2.3215036
1.125,1.2941968
3.76,4.1380615
1.188,0.86620367
4.01,3.8567293
1.079,0.9150814
3.397,3.6926992
1.58,1.5953974
4.688,3.6014583
0.631,0.64000666
1.846,1.9383789
1.897,2.507167
1.909,2.536724
0.675,1.3298898
0.853,1.2481337
1.736,1.8244653
1.297,1.0567545
1.81,2.4801846
5.00001,5.066225
3.762,4.047004
2.43,2.2921817
1.482,1.3882691
2.381,2.6410422
4.5,4.096696
2.4,2.279488
5.00001,1.7376323
2.741,2.8096101
1.901,2.174003
2.684,2.7210677
3.493,2.5793333
2.757,2.629332
1.828,2.1722493
5.00001,4.6100082
2.132,2.2508101
1.795,1.814853
1.385,1.4536906
1.813,1.7457863
3.405,3.5127654
2.25,1.7797253
0.683,1.0722064
2.379,2.591217
1.497,1.6272912
1.258,1.7836479
0.876,1.9935577
1.25,1.4678838
1.688,1.0599172
1.35,1.47142
0.863,1.134016
0.649,1.0030285
1.063,1.3512621
2.857,2.7294612
2.724,2.743526
2.177,2.4012547
0.918,1.3056767
1.63,1.6893464
1.951,1.823209
0.325,0.98947674
2.753,1.9079657
1.369,1.3914267
1.941,1.7369286
2.302,2.5119987
1.436,1.4521815
0.396,0.731057
0.598,0.80543274
2.107,2.2122247
1.563,1.1715124
2.156,2.1740015
1.775,1.8304329
2.189,2.1836936
1.284,1.2545426
1.906,1.803582
3.983,3.9367104
3.671,2.0420983
1.225,1.9496297
3.761,2.0131009
1.576,1.5252568
1.781,1.6829543
0.724,0.69703084
2.876,2.5773787
1.75,1.2628857
2.808,2.348595
1.605,1.8396717
1.586,1.4124748
1.443,1.7390555
1.363,1.6902351
2.182,2.1589267
4.664,4.10806
3.861,4.306607
2.512,2.395012
1.904,1.6027918
2.231,2.356279
3.61,2.4885576
2.75,1.3982081
0.708,0.94850105
4.6,2.8592138
0.675,1.0331929
2.25,1.1880373
1.761,1.8307039
0.524,0.41931152
1.676,1.8419036
0.997,1.4602505
0.889,1.0761234
2.237,2.1624243
1.805,1.8279985
0.932,1.2887808
1.738,1.5664889
4.908,4.870231
1.042,1.2632911
2.761,2.5630631
2.547,2.7093418
2.123,2.356605
0.875,1.0141679
0.942,0.82956386
1.635,1.9947014
5.00001,2.460019
1.25,2.0976272
1.823,2.0066648
1.117,1.5916802
1.46,1.7499479
5.00001,4.6634507
3.205,2.9489396
0.48,0.4567681
1.688,2.3036318
0.675,0.65398294
1.731,1.6094556
1.5,1.0376383
3.292,2.97304
1.41,1.38942
3.78,3.8747845
0.802,0.74076676
2.033,2.2724156
3.949,4.0611186
0.845,1.0097682
3.273,3.3234544
2.012,2.5726156
1.625,2.464574
2.66,3.0124307
2.212,2.0719652
1.765,1.972491
2.063,1.6442032
5.00001,4.2648706
1.867,2.1396117
1.125,2.250246
0.905,0.8818026
1.908,1.8893331
1.988,1.4046227
1.656,1.718787
5.00001,4.442636
1.457,1.6609777
0.913,1.018829
1.404,1.955346
1.917,2.10178
0.611,0.7987422
1.53,1.2809479
0.855,0.9346301
1.645,1.4124494
3.862,3.9876463
3.413,3.38463
2.464,2.443574
1.218,1.4578732
1.325,1.9197879
0.98,1.2059168
2.414,1.959322
1.713,1.8760886
1.201,1.5236616
5.00001,5.17732
1.927,2.2263055
2.328,2.0547235
1.918,2.1327016
1.963,1.9734596
2.939,2.955925
0.846,1.2266425
5.00001,4.858934
5.00001,4.6300864
1.073,1.3906671
1.5,1.960106
2.042,1.8516371
2.683,2.7311661
1.035,1.0249578
1.615,1.4725218
2.224,2.1879442
1.669,1.4335713
2.292,2.5337641
2.059,1.9607869
0.955,0.54373646
1.625,1.9020355
2.407,2.584852
0.828,1.1004095
2.302,1.807235
1.859,1.6403632
1.058,1.5634879
1.188,1.3783897
1.944,1.8664757
1.833,1.7674167
2.925,1.8389288
1.442,1.5607784
5.00001,3.418068
1.342,2.016408
0.528,0.38302913
1.887,1.8324233
2.04,2.462302
1.795,1.6910299
0.989,1.0281187
2.799,2.2720525
3.277,2.9350262
2.08,1.9141277
2.083,2.5230744
1.125,2.3780127
2.347,2.8578453
2.145,1.9106354
3.385,4.044564
5.00001,5.1369243
2.841,2.7441885
5.00001,4.4898343
1.813,1.8077003
1.25,1.1690408
4.125,2.9361787
1.125,1.0558512
0.903,0.6559254
0.96,1.3650701
1.425,1.8994054
2.663,2.8685281
1.65,1.7116218
1.18,1.3253319
1.564,1.9033163
4.268,5.0100727
3.086,2.7773392
2.392,1.1027458
1.094,1.1729237
0.666,0.63147616
3.685,3.4631786
3.305,3.373994
2.736,2.815734
5.00001,5.0213165
3.211,3.6067643
2.426,1.9131187
2.319,2.7085962
1.514,1.9696352
2.278,2.1437576
3.8,4.042486
0.952,2.0148501
1.939,1.7262037
2.607,1.8313113
1.91,1.383342
0.649,0.7463491
1.283,1.4703968
1.898,3.1295965
1.833,1.893196
1.518,0.81030107
2.573,2.1098666
1.375,0.86518246
1.25,1.2311925
2.181,1.6274769
1.681,1.7380658
2.318,1.6989042
1.49,1.2372563
1.703,2.2002697
3.913,2.717681
2.823,3.6063416
5.00001,5.2086034
1.354,1.6733657
3.284,2.7933211
3.5,1.8135965
1.823,2.0002139
5.00001,5.097742
1.92,1.6495001
2.408,2.4088187
1.75,1.8999039
1.264,1.2829419
1.259,1.3989586
1.947,2.182749
3.418,3.9345443
2.119,1.7122053
1.375,0.40797013
2.706,3.127674
1.723,1.8305913
2.621,2.021191
1.491,1.6255287
3.391,2.5562055
2.486,2.380316
1.287,1.8506194
3.439,2.2515545
1.75,1.6790607
2.875,2.764038
1.436,1.3307943
3.462,2.7960773
2.322,2.661814
2.0,1.3829354
2.415,2.1616592
0.675,0.73780507
1.917,1.4966464
1.783,2.2791648
1.782,1.8022134
1.332,1.4370512
2.738,2.507026
1.522,1.4801384
1.871,2.0508657
1.375,1.402074
1.104,1.2444162
2.406,2.077081
1.625,1.5135633
0.838,0.85796374
2.656,2.0929031
2.115,2.0237725
1.734,2.3291783
3.1,2.8576553
0.995,1.3173422
1.914,1.8477211
2.201,1.731084
1.673,1.9031708
0.65,0.6807389
1.418,1.7679709
2.906,3.1229067
3.192,3.2894413
1.188,1.2350383
2.0,2.2861123
2.195,1.8972229
2.894,2.5554035
1.164,1.7203045
1.623,1.5777224
1.141,1.3241062
0.713,0.9287887
1.905,1.7597852
1.973,1.9400173
0.722,0.8101625
1.033,1.9538025
1.43,1.1109952
2.449,2.1472828
5.00001,4.071049
1.833,1.3433882
0.861,1.2249318
2.184,2.5745022
1.108,1.3920937
2.113,1.8875492
3.388,3.4066
1.231,1.233713
2.695,1.5162591
3.214,2.538969
0.819,1.1054702
5.00001,5.2988257
3.046,3.4939356
0.729,0.80689377
1.58,1.4691836
0.622,0.6782347
1.163,0.8049028
3.141,1.473762
3.625,2.4337575
5.00001,5.0922866
0.741,1.249713
1.5,1.4934021
2.7,2.8023593
1.208,1.3175507
2.5,1.6915429
0.722,0.86253995
3.75,3.064405
2.396,2.3717544
1.833,2.6855466
1.612,1.9045382
2.51,2.4087315
0.455,0.6452063
1.781,2.148052
2.589,2.4980278
1.458,1.6754738
0.847,0.8112082
2.167,1.553191
1.304,1.1471267
1.585,1.3550153
1.178,0.8309357
2.15,2.2839735
2.686,2.7959814
1.0,0.690963
3.327,4.331458
1.867,1.6644189
0.53,0.5058868
1.497,1.3912556
3.458,3.1387842
1.245,1.3284798
4.758,4.472364
5.00001,4.014313
5.00001,5.1204724
1.759,1.7672074
1.833,2.465858
2.531,3.1936178
1.178,1.1841658
1.435,1.5092376
5.00001,3.855058
1.423,1.3294982
1.21,1.396079
2.688,2.9305081
3.302,3.4585087
1.218,1.6091155
4.169,3.183649
2.667,3.2328858
1.894,1.8240068
4.436,3.4427886
1.63,1.6935232
3.825,2.928064
1.063,1.3511372
0.578,0.80137795
0.575,0.8393959
2.38,2.7789571
2.189,2.5005424
1.186,1.6678717
3.091,3.660084
2.132,1.9764026
1.802,1.6610427
4.708,3.8501418
3.372,1.4769124
0.953,1.0683163
1.039,1.3435566
5.00001,2.2817554
2.15,2.2274916
1.894,2.2446394
1.714,1.9039241
3.57,2.9282668
1.962,1.899895
0.985,1.0293512
1.788,2.089219
2.266,2.4797473
1.714,1.9157808
2.714,2.1253896
2.168,2.3396838
0.679,1.1570922
1.713,1.5166049
1.109,1.6927745
3.325,2.7219245
1.5,1.5220242
1.734,2.3513923
2.375,2.5574799
0.658,0.8804262
1.731,2.0622256
3.212,2.8803022
2.65,3.2460623
0.875,0.7549784
2.103,2.433305
2.478,2.5706034
3.757,3.8802125
1.137,0.9918008
5.00001,4.106459
0.456,0.38199237
1.306,1.2514267
1.986,2.5956085
4.367,4.0426397
0.926,1.2538496
1.5,1.5702813
3.599,2.741131
5.00001,4.9249682
0.938,1.1782832
3.833,3.2362313
1.917,1.5395478
2.672,2.5236585
2.802,1.890528
0.521,0.47298333
1.102,1.0371383
1.646,1.1250591
3.248,3.7965608
1.227,1.4912376
2.167,2.4974606
0.736,1.0657967
2.541,2.553591
1.875,1.5522635
1.66,2.091847
1.579,1.9168001
1.938,1.9115363
1.408,1.3786093
0.953,1.0473354
2.27,2.8004322
2.656,2.4464066
0.902,1.1104213
1.832,1.581253
1.846,1.6077536
1.625,1.7422514
1.25,1.3614695
0.972,1.3675731
3.553,3.0770411
1.362,1.3746172
1.25,1.5523126
3.056,3.3691113
1.766,1.3478037
3.486,3.9888034
2.992,2.7113636
0.721,1.7539481
1.095,1.4846631
2.811,2.885945
1.563,2.159613
2.342,2.426366
0.597,0.7469637
2.5,2.5560734
2.033,2.2022138
1.731,2.3322625
3.003,2.8655846
2.38,2.3098912
1.79,1.7219887
1.66,1.8833016
1.607,1.8774296
1.475,1.6832026
1.921,1.8875047
0.564,0.5417429
3.048,3.454656
4.398,3.8056173
1.375,1.1650605
1.375,1.1108031
1.346,1.7912333
2.625,2.6043398
0.834,0.95860386
1.135,0.9973865
0.714,1.0766209
2.045,2.2592485
2.824,3.1290867
1.457,1.5467935
2.647,2.8954253
2.75,2.2745903
1.716,1.4621192
2.167,1.6389024
1.807,2.1940522
2.125,0.7862238
1.677,2.026064
0.425,0.3767242
2.384,2.4256184
1.44,0.7159446
0.436,0.41617587
3.635,2.6647077
1.862,2.072401
0.675,0.57569146
1.596,2.6088855
1.956,2.0257473
1.548,2.02368
4.507,4.5159006
0.699,0.6815525
1.322,1.4776852
3.28,3.9347477
2.728,2.921313
0.663,1.2817241
1.293,1.3010535
0.771,1.089283
1.555,1.6293103
1.26,1.4879941
2.403,1.9303522
1.33,1.339689
0.949,1.0965544
2.039,2.2416575
0.61,0.80926955
1.392,1.348574
2.292,2.1259513
2.606,3.3163338
2.511,2.1773422
3.276,2.200018
1.679,1.8419982
2.12,2.3900971
2.333,2.0671947
2.554,3.0582771
0.675,0.9264474
1.62,2.479604
1.172,1.0956111
1.097,1.360149
2.75,1.1244783
1.118,0.8026613
1.66,1.9758608
0.927,0.82990503
1.86,2.250772
0.973,1.4097246
2.413,2.967561
2.585,2.4905617
1.382,1.6787548
1.961,2.6766446
4.192,4.9604278
1.388,1.4388149
3.766,4.295117
1.651,1.7793733
1.818,1.8189737
2.118,1.4541434
1.125,1.6098644
1.443,1.4533582
2.22,2.07112
0.536,0.5006428
1.308,1.2895023
2.276,2.596995
2.75,3.432852
1.919,2.0486085
0.641,0.7319264
0.681,1.0205718
2.552,2.1267602
2.441,2.800116
3.37,2.523243
2.083,1.7612329
5.00001,5.008224
1.721,1.6919135
1.289,0.7731889
1.449,1.1115549
0.72,0.4486579
1.429,1.6162533
4.361,3.038866
2.042,1.6274325
1.957,2.2184675
0.905,1.1112587
2.361,1.7236248
1.869,1.8139186
1.625,1.9833266
1.125,1.5568824
0.58,0.48789698
3.074,3.4068575
3.538,4.2366705
2.909,2.8444858
3.586,3.1256728
2.462,2.037361
0.721,1.2672886
1.075,1.3511962
0.786,0.7039765
1.876,1.9139452
0.979,0.93292904
1.866,2.208877
1.969,2.407557
1.115,0.9079579
1.563,2.0258827
2.182,2.5053852
2.935,4.3237433
0.59,0.95373875
1.628,1.4589674
1.029,1.1768035
0.543,1.1200964
1.663,1.5130819
1.525,1.6764958
1.426,1.7092571
1.5,1.3790746
0.844,0.74875814
2.1,1.7363178
1.375,1.3188958
3.5,3.1032112
1.719,1.4323951
1.431,1.7160823
4.523,3.8255403
1.76,1.7287396
1.127,1.1636809
0.684,0.660413
1.907,1.7865642
3.318,3.7575343
1.84,2.0315082
1.625,1.0138807
1.294,1.3450588
1.728,1.5265568
1.911,1.6508186
2.949,3.313579
1.886,1.8324779
0.638,1.1383841
4.661,4.2045913
1.868,1.8100288
1.393,1.3138268
3.303,2.498207
2.848,3.2214968
1.988,1.9626979
0.693,0.48230928
1.455,1.6123438
1.662,1.6195288
2.738,2.3538547
1.49,1.4190893
2.154,2.1340485
2.878,3.8044887
4.063,2.715911
1.603,1.6825612
2.4,2.955795
0.609,0.9493083
1.423,1.2646089
0.848,0.98766416
2.054,2.2161946
3.968,3.6955838
1.354,1.6978339
1.154,1.5156808
1.625,2.4692733
4.25,2.6844432
1.143,0.99907655
5.00001,5.2181106
5.00001,4.3179374
0.487,0.4821251
2.947,2.987523
3.005,2.010493
3.432,2.0388794
0.92,1.6000966
2.781,3.1214716
3.809,4.0374055
3.398,2.7426212
0.968,1.0926572
2.7,1.9644482
1.9,1.9080155
1.813,1.6311694
1.006,1.0977695
1.708,1.4963384
1.527,1.4635477
3.536,2.7351096
2.0,2.5109954
2.134,2.6843693
1.531,1.4838036
3.797,2.6072927
2.75,2.7852986
0.786,1.3933481
1.883,2.2172265
1.38,1.4976933
5.00001,4.6714478
1.974,1.6229879
2.446,2.7956662
1.653,1.6489806
3.004,3.0457375
0.882,1.2554078
5.00001,4.367629
1.631,1.2212461
1.919,2.145138
3.553,3.2754653
4.303,3.497872
0.427,0.39717793
3.781,4.315428
2.64,2.0262733
1.119,1.7986295
2.245,2.006923
1.25,1.7335857
0.641,0.8386312
0.884,0.9220492
3.892,3.503413
1.938,1.048799
5.00001,3.5604906
1.875,3.77845
2.103,2.029749
2.128,1.9743155
1.775,2.1457844
1.813,1.0801105
1.595,1.6977234
1.775,1.9183434
1.161,1.1842225
5.00001,3.4839542
1.625,1.6540383
1.355,1.6700757
0.996,1.166642
1.185,1.3351085
1.569,1.5638906
1.472,1.4907651
0.858,0.92388994
5.00001,3.1555023
1.709,1.5731663
2.579,3.2001853
1.643,1.6619312
4.389,3.7260766
0.98,1.4017472
2.887,2.5300555
2.032,2.5096295
2.836,2.7299292
1.625,2.652845
0.953,1.023963
1.617,1.5987221
1.875,1.7573057
1.58,1.4587008
4.561,3.055856
1.029,1.2725755
1.654,2.2091475
0.544,0.3529256
1.472,1.5998919
0.95,1.0755001
1.43,1.9404964
0.972,1.1738029
1.129,1.2517185
1.733,2.3953223
3.931,2.9775164
0.63,0.74083817
2.973,2.261896
2.421,1.950193
2.939,3.1345263
1.131,1.4608452
1.372,1.307567
2.971,1.4752091
2.435,2.4706013
0.988,0.8712233
2.448,2.5401986
3.278,2.9531772
4.375,4.0906086
1.635,1.7008457
1.024,1.709059
1.122,1.2565401
1.659,1.992891
2.5,2.7992055
1.581,1.8844285
0.875,1.0875955
1.35,1.5447041
0.795,1.5085585
1.621,1.0446231
2.284,1.6961616
1.406,1.6589377
0.713,1.8363109
2.663,2.382215
0.813,0.78219706
1.85,2.3393455
3.293,3.7752547
1.688,1.5384514
1.104,1.5085498
5.00001,3.9530928
0.857,1.5460563
0.633,0.33754843
5.00001,5.2986183
1.838,2.0227792
1.507,1.409778
2.429,2.4367747
3.267,3.0294197
2.204,1.9585329
2.407,2.2479453
5.00001,4.8201656
0.984,0.96782106
1.669,1.9635831
2.054,1.9264467
0.901,1.107365
1.898,1.6378918
1.625,0.96711075
3.337,2.7222817
0.851,0.9536279
1.344,1.151099
1.446,1.837683
2.15,1.9171997
0.975,1.2851762
2.1,2.8084056
3.12,3.1299398
3.0,2.6615465
2.024,1.8654839
2.541,3.487237
1.16,1.3590081
1.67,1.6532638
3.969,3.8035595
2.27,1.8666861
5.00001,4.200851
5.00001,4.122576
1.99,1.8897988
3.691,4.148291
0.225,1.2204537
0.957,0.956737
3.659,4.0998564
2.158,2.226013
2.055,1.8041644
5.00001,4.276614
2.508,2.045098
3.636,4.1024804
2.942,3.5326645
1.714,1.5990368
2.613,2.2229261
1.149,1.1608515
2.584,2.2097514
1.063,1.0292857
0.989,1.3035979
2.42,2.0111997
1.461,1.4988649
1.546,1.7251874
1.975,1.7148938
2.896,3.0880353
3.257,2.3955736
0.533,0.7664483
0.878,1.2829255
1.783,1.8243762
1.971,1.9004894
1.234,1.5210745
2.929,2.780708
1.098,1.4236035
1.242,2.1156228
0.573,0.541047
4.047,3.7757218
1.875,2.5499828
0.637,0.7963344
1.012,1.2817003
5.0,4.3759675
0.455,0.6998758
4.635,3.321349
1.813,2.3813558
3.074,2.1748385
3.718,4.6218705
0.56,0.80186564
2.893,2.0038533
1.282,1.4127445
2.714,2.253712
1.821,1.9996382
2.194,2.2055652
0.784,1.2642041
0.961,1.1327772
3.947,4.1548123
2.225,2.3834302
0.875,1.3742223
1.375,1.4956716
2.461,1.9274235
1.757,1.8770019
1.641,1.5899192
1.328,1.3106605
1.292,0.5623963
2.241,1.7827731
1.039,0.70206666
1.128,1.1038247
2.438,2.8123853
0.886,1.0469587
1.861,2.6433973
1.861,1.2298352
1.609,1.6336316
1.492,1.2809765
0.764,0.68179417
5.00001,4.0087147
0.956,1.1836782
2.375,3.0331395
4.183,3.8851662
1.975,2.184733
0.664,0.66818035
2.69,3.8559237
2.19,3.312051
1.569,1.7797277
1.342,1.556777
2.042,2.1983368
2.188,2.875995
1.818,2.7673912
1.685,1.9897486
2.992,2.4145024
1.66,1.4600426
1.935,1.6836808
2.125,2.49024
3.862,2.66049
2.684,1.9413911
1.281,2.059718
2.712,2.7956858
0.884,1.257556
1.015,0.9197257
4.955,3.9593349
1.673,1.3716654
1.413,1.6026896
5.00001,5.22075
3.213,3.3508558
0.821,0.8995233
0.929,1.2966555
1.68,1.4862963
1.35,1.4236763
2.431,2.007658
1.571,1.7905505
0.979,0.769069
1.777,1.836647
1.318,1.1543623
2.688,3.5311937
3.143,2.274403
1.836,2.3600585
1.0,0.6861812
2.322,2.417326
1.381,1.4644458
1.625,1.5298963
4.573,3.0585434
1.392,1.4708747
2.445,2.5534866
0.616,0.39878607
2.37,2.130827
1.125,1.3741056
1.223,1.4011472
5.00001,2.7443216
1.101,1.543456
3.009,3.375215
1.675,1.3916612
2.464,2.957114
2.793,3.908045
4.14,3.0250442
0.587,0.43702382
2.949,3.7167084
3.652,3.696543
3.683,3.4081955
2.392,1.9095618
1.214,1.8468425
2.15,1.9781513
1.139,1.3202642
2.364,2.189743
1.717,2.0333467
2.485,2.8884325
0.582,0.66422033
0.678,0.39588
0.757,1.3842752
1.78,1.8944395
0.604,0.5080719
2.261,2.982114
1.795,1.9346673
1.582,1.9387621
2.786,2.7410622
4.808,4.02936
1.923,1.6575326
1.417,1.099714
3.308,3.0704923
1.0,1.1834877
1.032,1.315139
0.535,0.4646076
1.857,1.6629022
1.929,1.6453596
2.56,3.007361
1.385,1.5153384
0.696,1.2182091
2.468,3.2480268
2.659,2.9092221
1.625,1.1914306
3.227,3.6222603
1.489,2.1250033
4.29,4.0264025
5.00001,4.52364
2.541,2.7309668
3.281,3.2947683
1.691,1.9657176
2.554,2.3570275
0.764,0.8209692
1.514,1.8876278
3.111,2.485851
1.875,2.0416186
2.132,1.9215561
2.083,1.8348382
2.028,2.393417
0.901,1.9675463
0.924,1.2189103
1.365,1.0525056
0.922,0.68958217
0.794,0.6826165
0.955,1.0359067
2.492,2.1427665
1.117,1.4390985
1.906,1.6842853
1.918,2.1248157
5.00001,4.361641
0.508,1.191565
1.635,1.0259975
3.689,4.0900393
0.57,0.83905697
0.75,1.2397664
2.29,2.4254272
3.409,3.5690625
2.766,2.6347122
1.884,2.0279343
0.739,0.6943244
1.5,2.029765
1.471,1.4089767
1.863,1.5461714
2.349,2.2457776
1.225,1.3099687
3.989,3.635543
2.5,3.5046206
1.136,1.5389827
2.448,2.5841374
2.25,1.9824076
1.869,2.799813
3.097,3.3429353
1.306,1.533055
3.423,2.8571901
0.65,0.8153903
2.789,2.044694
1.688,2.0421436
4.184,3.438845
1.09,1.2303139
1.601,1.9448625
3.45,3.5182076
4.188,3.9181266
2.091,1.9965245
0.975,1.2039207
5.00001,4.7421026
1.086,0.6295797
1.333,1.4221488
0.509,0.7041714
3.116,2.9757876
3.655,3.836389
1.75,1.7055504
1.703,1.4047003
2.795,2.9221632
1.259,1.8096747
1.557,1.783434
0.833,0.82247615
1.563,2.5742304
2.148,2.7029326
1.103,0.7241212
1.65,1.0544264
3.495,3.5789447
5.00001,5.4457493
1.257,1.0613095
1.931,2.0228336
5.00001,4.9976187
1.996,2.3331637
5.00001,3.6647863
1.634,2.0234547
1.375,1.1488101
1.215,1.4211227
3.812,3.5975413
1.119,1.4161791
0.58,0.8810521
0.638,0.9616604
3.632,3.5321963
2.064,1.6970519
3.708,2.8460212
0.818,1.0550606
2.715,2.1592648
1.97,2.2968504
0.734,1.0560474
3.017,3.4634972
1.196,1.4321897
2.581,2.307656
0.175,2.8679035
1.457,1.8139153
1.02,1.226759
4.0,3.4030561
0.992,1.0677892
4.854,3.9383502
4.771,4.500694
0.669,0.64271414
3.754,4.5213194
1.696,2.0895147
2.476,2.8466105
1.647,1.5482978
3.094,3.3156114
1.853,1.9619019
2.302,2.5170617
1.561,1.4943805
3.025,3.2855864
0.978,1.1181602
2.513,2.8439941
2.813,2.6071942
1.531,1.1896906
3.556,4.1106195
1.013,1.1599243
2.66,2.1878595
1.607,1.4118575
3.058,2.7942479
1.475,1.3134863
1.863,1.7358721
1.626,1.9048246
4.847,3.7344062
1.75,2.1260393
1.272,1.1736053
3.651,3.0714912
2.365,1.5657996
2.14,2.6496243
2.258,2.828854
1.289,1.27068
0.735,1.799683
1.147,1.4777219
1.75,1.7380404
3.181,2.1092546
3.312,3.1324887
1.925,2.3322608
1.595,1.4357852
1.627,1.6894653
0.673,0.960441
2.129,1.4881132
1.406,1.4674559
1.865,1.4666086
3.932,4.3088584
0.553,0.59900063
4.098,3.8057263
1.918,1.9191514
0.995,1.3987442
1.75,1.7242409
1.58,1.4177543
1.069,1.4381181
2.772,2.1087759
3.267,2.6406462
0.96,0.45992136
4.318,4.7444267
1.722,1.8057817
1.125,1.1923305
2.25,1.0912653
2.595,2.3789675
2.915,2.8277802
0.504,0.69555324
1.5,2.7577314
2.246,2.5467832
1.306,1.488305
0.697,0.9180637
3.53,2.662675
2.312,3.106923
2.051,1.8158199
3.981,3.5305128
1.413,1.729475
1.733,1.716705
1.279,1.021688
2.895,2.1426857
0.959,0.9241655
1.334,1.6826336
1.468,1.5801822
1.813,2.65572
0.546,0.6051462
0.555,0.47818726
1.5,1.7836626
1.028,0.7987045
0.933,0.88728297
1.231,1.3905039
2.318,1.2445688
1.595,1.5796379
1.083,1.0252194
0.431,0.3679224
1.056,0.9380642
1.683,1.4924471
0.283,1.2494065
2.829,2.678705
2.343,2.0484393
2.125,1.2216226
2.056,1.872093
1.5,2.2559316
1.93,2.0170758
0.14999,2.372456
1.7,1.6003515
1.683,1.5669214
0.935,1.3660634
1.918,2.3621995
1.815,2.232662
1.954,2.0991359
1.219,1.6576624
1.426,1.8271677
1.583,1.5572746
1.653,1.1542355
1.55,1.470436
0.921,1.0241343
0.681,0.62433654
2.763,2.8734913
3.352,4.0823984
1.211,0.85162777
1.771,1.3150392
1.875,2.0284204
1.92,2.6316838
3.012,2.5586648
1.591,1.4902472
5.00001,5.4735637
2.737,2.5397227
2.339,2.4141114
5.00001,2.720273
2.228,2.6705122
1.402,1.5626684
1.598,1.6582291
1.188,1.3654366
5.00001,3.633039
1.055,1.6883718
2.178,1.9474678
1.875,2.0238788
2.873,3.4449177
1.31,1.9285238
0.558,0.6324697
1.619,1.8234295
2.536,2.1210535
1.55,1.4825393
3.115,3.227571
0.878,0.71175385
1.058,1.0351499
1.37,1.5872828
1.563,1.7543188
1.547,1.4032066
1.674,1.456367
4.578,3.783038
5.00001,4.119913
1.883,3.1460624
4.429,3.3131053
5.00001,4.8453245
5.00001,4.674911
1.875,1.6757776
0.574,0.480006
3.875,2.3601787
2.72,3.0517113
1.676,1.1041294
4.037,2.827626
1.917,1.461315
5.00001,2.9275517
1.871,1.9761338
0.964,1.4224286
0.924,1.0101743
2.139,1.9974928
1.55,1.9348658
1.33,1.6881729
2.75,1.5831741
2.385,2.203974
1.583,1.2611566
0.705,0.7644744
2.223,1.7615716
4.119,4.0855055
1.851,2.0172267
5.00001,3.0948937
1.398,1.3727573
1.781,1.7497072
1.593,2.144509
1.25,1.0907828
1.971,2.4146905
0.64,0.74969155
1.946,1.9069297
1.625,1.2006844
0.844,0.3745293
0.613,0.84029835
3.682,3.695496
1.221,1.5156075
0.861,1.3821402
2.099,2.0490286
1.708,1.5986193
1.75,1.6063962
1.266,1.172356
2.822,2.8624878
2.077,2.417663
1.042,2.0131721
2.143,3.264298
0.803,0.97096705
2.731,1.9280723
2.375,1.9814963
0.738,1.1903642
1.844,1.660437
3.42,2.76166
1.297,1.3423386
2.24,2.797222
1.569,1.4096353
3.949,2.7057266
1.577,1.9342648
1.199,1.2954646
3.169,3.475306
2.125,2.6594357
0.683,0.6960418
1.651,1.7988698
0.936,1.144696
0.888,1.1498119
1.847,1.9595654
3.271,3.3541884
1.343,1.1751018
5.00001,2.6442719
1.621,1.6459839
5.00001,4.835883
2.292,2.084887
1.125,1.1213111
3.542,2.4536061
3.621,3.1485622
1.625,0.85289836
1.005,1.4023285
0.677,0.60023195
0.571,0.67433524
1.648,2.2500978
2.042,2.0176713
3.424,3.262373
1.815,1.2966868
3.045,3.0373192
2.353,2.4901445
1.053,1.8222342
2.914,2.5473406
1.596,2.050556
1.118,0.949294
1.196,1.3373184
3.297,1.675933
1.367,1.7166315
1.014,1.0169514
1.186,1.1567596
1.333,1.5305392
0.525,0.45866594
2.346,2.5575044
0.75,1.168568
1.763,1.7423439
3.468,2.7092905
2.518,2.9431636
0.542,0.6321487
0.675,0.8140157
1.425,1.8396633
1.016,1.1637254
2.273,3.1533873
3.372,3.4043825
1.188,1.934296
0.675,0.95948946
2.02,2.3002625
0.942,0.9874661
0.962,0.9023743
2.25,2.4796193
2.587,2.1600807
1.031,1.144154
1.172,1.3339692
1.648,1.4404112
1.44,1.581367
5.00001,4.1535363
1.554,1.1715443
1.147,1.0229152
1.231,1.6554226
2.268,2.1044161
1.804,1.4465395
3.109,3.8915071
1.488,1.5947726
0.847,1.313495
0.637,0.6365384
2.62,2.344466
4.381,4.1601686
2.265,2.115698
0.876,1.0191169
3.455,3.5472956
1.401,1.1876831
3.667,3.31623
2.708,2.747918
1.688,1.9984726
2.938,3.6388159
2.518,2.9876633
0.851,1.1024837
2.675,2.790821
1.409,1.6752378
2.855,1.701318
1.513,1.279782
2.25,3.0932822
0.446,0.74115866
4.5,2.350947
2.293,2.9139612
2.25,0.67944217
1.38,1.9857292
0.969,0.5748909
1.612,1.8427004
1.443,1.1076847
4.5,3.1061893
1.225,1.4938323
2.487,2.3118136
1.342,1.4775628
3.481,3.7216961
0.783,0.9130496
1.078,0.9634827
1.469,1.6031674
1.883,1.8087379
1.625,1.438112
0.586,0.51116407
1.837,1.8584664
1.804,1.7049204
1.75,1.4564841
1.372,2.3150058
1.1,2.3182971
2.334,2.3258004
1.283,0.9327975
3.5,3.103583
1.552,1.6489675
2.567,2.9741387
0.859,1.0359353
0.732,0.6981842
2.583,2.6911614
0.628,0.90502244
4.85,3.5906298
1.24,1.5281625
1.585,1.8157753
0.973,1.2489637
1.867,1.9288292
3.441,3.8262382
1.667,1.5827428
1.089,1.031556
4.829,4.147765
2.044,3.1472495
2.307,2.212708
0.53,0.7675229
1.785,1.721945
5.00001,3.8529603
5.00001,4.886098
0.849,0.9539701
5.00001,3.838673
2.468,2.7057574
1.563,1.451339
2.346,1.9793962
0.488,0.7331875
1.458,1.9455395
2.715,2.370406
5.00001,4.0069513
0.875,1.4078705
0.691,0.7145464
1.393,1.429416
2.734,2.7301056
2.297,1.9878395
0.682,0.7425673
1.143,1.342863
1.599,2.1180432
1.166,1.4095976
2.099,1.9260373
0.689,0.55470014
1.014,1.3830669
2.14,2.2794132
3.553,3.4788203
0.903,1.4835861
1.593,1.8946087
0.639,0.7767182
2.182,2.3918028
2.536,3.060923
0.813,1.1169097
1.886,2.105427
1.654,2.3159027
1.063,1.4171365
2.101,2.259416
1.476,1.6516641
1.125,2.8339078
1.75,1.5654248
1.566,1.6322126
1.173,1.5501194
2.292,1.8624402
3.5,1.9689941
1.719,2.0801501
1.993,1.9422139
2.516,3.1434257
3.0,3.0564113
1.589,1.6695526
2.168,2.338758
1.98,2.1114314
3.561,3.9381728
1.923,2.2068403
3.145,2.690819
0.5,0.6586944
1.625,1.8049248
1.671,1.6165838
1.388,1.1455115
1.476,1.6365448
2.385,2.0862036
1.107,1.3934041
3.338,3.5239964
1.921,1.9764963
2.94,2.1139462
1.545,1.4073119
1.519,1.722382
5.00001,5.3873496
3.229,2.5493028
1.656,2.549942
2.212,1.7469854
1.704,1.8009577
1.987,1.9991509
1.625,1.5201613
4.112,4.065496
3.355,3.046458
1.491,1.3454666
3.815,3.979154
1.839,1.8652797
0.912,1.9739583
4.115,4.0939612
2.203,2.5290947
1.581,1.7781384
0.696,0.64501244
2.705,2.9423683
2.616,2.7961009
3.895,3.3216896
0.75,1.1062651
1.776,1.9345794
1.704,1.1715536
1.542,1.4542292
1.319,1.5192547
0.444,0.6334059
1.45,1.5061233
2.241,3.0130172
1.875,1.6425148
1.929,2.1690812
0.886,0.8827199
1.839,1.7568338
2.25,2.735559
1.828,1.7146646
1.376,1.7581122
2.653,2.4296372
0.366,0.800557
1.255,1.5384141
1.386,2.1364594
4.871,3.401964
1.786,1.6964228
1.345,1.8502475
3.067,3.4229891
1.158,1.5666947
0.914,1.4649261
2.109,1.8658613
2.592,2.5327792
3.473,3.6513608
1.684,1.9500012
1.509,1.3232772
1.135,1.18162
3.026,2.9720037
4.233,3.516426
4.922,4.55081
1.906,1.8437546
2.45,1.8723654
0.557,0.8672018
0.84,1.3057451
2.75,2.8123374
1.896,1.7510021
2.759,2.3280892
3.198,3.5760925
2.917,2.369912
0.679,0.9056892
1.89,2.000417
0.9,1.232582
3.35,3.3225586
1.767,1.5599686
0.985,1.161006
2.006,1.9519155
0.602,0.9020223
1.919,2.6502287
1.911,2.1129818
3.373,3.2703445
2.25,3.48206
2.906,2.277378
1.215,1.3034276
2.932,3.1259038
1.07,1.2315675
2.664,2.586026
0.769,1.019628
2.203,1.5751568
1.011,1.1392399
4.746,3.907456
0.653,0.75622886
1.137,1.1976657
2.142,2.1991658
2.167,2.1091304
1.984,1.9253782
2.122,2.3994014
2.227,3.8678606
2.659,1.9158294
0.375,0.82930267
2.65,2.645487
1.087,0.9382865
0.467,0.32318866
1.875,2.5485544
0.616,0.87372863
3.43,3.4174316
1.66,2.1094167
5.00001,2.802815
1.375,1.7897888
0.906,0.8187785
0.77,1.0425366
1.481,1.8026093
0.916,1.4274374
1.509,1.8261977
1.551,1.6639827
0.892,0.92884773
2.154,1.8472023
0.551,0.7669995
1.974,1.8437058
1.544,1.6940732
1.417,1.6642904
0.984,0.70950264
1.526,1.6455613
1.096,1.5828041
1.713,1.7917721
1.041,0.9061035
1.539,1.7830558
2.7,2.8722796
2.865,2.5206132
3.35,2.3532922
1.377,1.5659498
2.32,2.1776164
3.938,3.3078003
0.703,0.77548844
1.417,1.4232287
1.563,1.4991517
4.5,3.6105978
1.998,1.8782513
0.953,1.121961
0.869,1.4212171
1.875,1.6240937
2.218,1.8927081
0.588,0.69178677
1.344,1.6765804
2.386,2.5085065
1.609,1.722789
1.364,2.08889
1.44,1.4972447
1.593,1.8508797
1.553,1.5925279
1.426,2.1082764
1.207,1.0623063
1.262,1.822037
2.134,2.1406436
1.169,1.4226339
1.858,1.878402
3.56,3.980158
1.5,1.3275243
0.889,1.0701778
2.591,2.532566
5.00001,3.878894
1.276,1.2648151
0.699,0.8323403
1.37,2.2685955
2.737,2.8510127
0.92,1.0218885
1.183,1.5153446
4.108,4.5184402
1.005,1.0741727
4.929,3.3627822
1.185,1.2874571
1.135,1.1986513
0.899,1.7716532
5.00001,4.3618827
5.00001,4.9746604
1.463,3.1309898
1.135,1.012097
2.75,2.470579
1.025,0.94213754
1.471,1.5979264
2.25,2.3349187
1.394,1.3638314
1.758,1.8199508
0.57,1.0326917
2.696,1.7271804
2.729,2.3614745
0.762,0.99877113
4.841,4.3814535
1.806,1.5787826
2.38,2.1101186
1.375,1.2405823
1.863,1.3575541
1.929,2.4797804
0.845,0.743514
1.076,1.5007732
0.555,0.63648576
2.653,2.0502043
3.883,3.6736214
4.827,4.0673785
1.981,2.447007
0.927,0.8820838
3.462,3.8675377
0.388,0.71124166
0.567,0.62892616
1.237,1.7034991
0.938,0.87421036
0.932,1.14074
0.44,0.75961375
0.692,1.1002023
3.018,2.8000085
2.542,2.3685613
2.098,2.53704
1.845,1.9197786
0.734,0.74143636
3.39,3.3381228
0.931,0.9426059
2.023,1.9257146
1.333,0.8765606
2.707,2.7700272
2.402,3.0640852
1.393,1.4192342
0.57,0.74537915
1.707,1.1678288
1.192,1.4498097
1.773,1.8946401
2.896,3.0754473
2.976,2.865184
1.099,1.321818
1.475,1.789194
0.787,0.870522
1.603,1.8415017
0.777,1.2146649
4.735,4.6051106
5.00001,4.3878655
1.331,1.3158878
0.935,0.90522856
2.801,2.8625882
2.567,2.1061127
2.88,2.3600638
1.611,1.7894524
1.37,1.6197022
0.62,1.1194936
4.438,4.2866697
0.683,0.9105665
2.621,2.378023
1.094,1.3970999
4.093,3.5415597
1.752,1.8464457
1.477,2.0746076
2.875,1.6714495
0.932,1.2009743
0.938,1.4242556
1.724,1.8578907
3.186,2.7612827
1.852,1.8343626
0.652,0.738177
1.797,1.3052878
1.592,1.5898685
1.519,1.8323772
0.717,1.2334391
2.452,1.7254087
2.283,3.832912
1.964,2.0471275
1.924,1.634816
0.659,0.69421726
2.823,2.4684398
1.853,1.7971228
0.886,0.9313584
0.675,0.9876646
1.434,0.8209692
1.194,0.96094656
2.158,3.086317
2.574,2.495903
3.734,2.6329925
1.523,1.4483298
2.457,2.5666912
0.8,0.6262011
1.372,1.1690993
2.669,2.446291
3.953,3.702483
2.221,2.3631992
5.00001,3.2595751
5.00001,4.0169544
2.329,2.3165221
2.597,3.107942
2.157,1.9295225
2.432,2.525948
2.214,1.9046638
1.125,1.214614
3.885,2.7292838
4.1,3.3701627
1.63,2.1413684
5.0,3.7924626
2.313,2.1363225
0.761,1.0506703
4.586,3.0621176
3.663,3.3114874
2.968,2.540352
0.586,0.5241767
0.848,0.57526314
1.173,1.8208936
1.266,1.1524802
1.708,1.8640889
1.493,1.5565943
1.19,1.1097487
3.75,2.7998796
2.849,2.9266522
1.701,1.1437006
5.00001,3.397653
0.987,1.2377081
0.608,0.67759705
1.428,1.2099636
2.239,2.0832365
1.375,1.9191173
2.978,3.2802606
1.127,1.2941885
1.133,1.0302429
1.214,1.3707436
2.484,2.422179
4.078,4.161633
3.566,3.7326138
1.063,0.7896749
1.214,1.3471769
2.409,1.8954209
2.471,1.8773714
1.379,0.868732
0.863,0.87516844
5.00001,4.1839204
2.163,2.3270562
3.056,3.5930648
1.583,1.7993212
4.521,3.723787
0.95,1.4319501
1.057,0.7942449
0.846,1.1318291
2.401,2.0861971
1.625,1.3711468
0.966,1.1443638
0.922,0.5740403
2.282,1.9674973
1.137,1.4819182
0.69,0.7443055
5.00001,4.237701
2.25,2.0388193
1.74,1.6953549
5.00001,5.0292153
2.53,2.9954956
2.776,3.884897
2.852,2.493946
0.903,1.1852401
1.899,2.1243973
3.166,2.8722227
3.019,2.926806
0.931,0.73322165
0.942,1.1406008
2.138,2.1033368
1.875,1.7820187
5.00001,4.3189917
3.257,3.9089787
3.0,2.190141
1.439,1.6889209
5.00001,5.4463835
2.641,2.76837
0.623,0.9593039
1.388,0.8789952
1.054,1.3218166
0.635,0.67280275
5.00001,1.7913789
0.978,0.9812711
1.274,1.6182666
1.353,1.7213681
1.561,1.5260224
4.468,4.0618744
0.65,0.7659704
1.518,1.5244954
1.922,1.892521
1.531,2.3455958
1.658,1.9701236
2.542,2.5476549
2.342,3.0664732
1.125,0.9300802
1.187,1.385146
2.409,2.30265
2.833,3.8224018
4.5,1.2734767
0.521,0.66398853
0.559,0.6111016
0.881,1.3263874
2.489,1.982745
0.686,1.2258116
1.563,1.7155466
2.727,3.2187612
3.404,3.786918
2.188,1.7993047
0.701,0.90711313
5.00001,3.353722
1.625,4.282099
1.118,1.1077616
1.102,1.4543291
0.742,0.6146398
1.032,1.0689477
1.721,1.7678584
1.32,1.3581084
1.663,1.6348288
1.073,1.1939529
1.079,0.9944474
0.946,0.9845689
0.661,1.0885453
1.582,1.5561359
0.958,1.0637926
1.17,0.99893576
1.709,1.8766475
0.929,1.0977278
1.625,1.5510293
1.938,1.581988
1.346,1.284801
1.231,0.7464001
1.157,1.3651363
0.835,1.1310239
0.622,0.4421766
0.744,0.83647054
1.801,1.662048
1.958,2.4209847
5.00001,4.678882
1.443,1.3429282
1.254,0.8178568
0.808,1.0160832
0.659,0.968753
1.579,1.6909761
5.00001,2.9288163
1.808,2.2876186
2.362,2.716422
1.03,1.1759495
2.169,1.8855045
3.833,2.921269
5.00001,2.3341384
0.835,0.75029474
2.144,1.9825305
1.0,1.0694941
0.788,0.7067081
0.976,1.2082056
1.784,2.3098297
2.871,3.1758764
2.701,3.44616
1.855,2.258982
0.906,1.3311244
2.136,1.683083
1.243,1.1671224
2.05,1.1606874
2.567,2.4604852
3.927,4.3784347
1.333,1.256491
1.871,1.7012844
2.554,3.0910988
3.474,2.993862
1.717,1.5331109
1.125,2.0240114
0.826,1.2145687
0.486,0.50244737
1.341,2.1271894
2.258,1.9786135
5.00001,4.5606527
4.7,4.1015186
2.258,2.3929315
1.58,1.8862427
1.171,1.1048393
4.163,4.0921645
1.208,1.4400452
2.263,2.3460352
1.222,1.4207788
1.0,1.1496887
2.295,2.1149197
1.958,1.0100423
0.85,1.824369
2.647,2.1240723
4.555,4.4565544
1.76,1.6888477
0.811,1.0546116
1.664,1.9792553
0.826,1.0304704
2.722,2.5425103
2.711,3.1448665
2.394,2.6172097
1.718,1.9534843
1.218,0.7792366
1.736,1.821699
2.393,2.6907864
0.588,0.5172024
2.875,2.7779484
0.707,1.3158797
1.817,1.9912287
1.137,1.1026828
2.241,2.3565576
3.513,3.94878
3.013,2.8835113
0.807,1.698413
1.526,1.4903497
2.374,2.482207
1.794,1.6880234
5.00001,4.773561
1.702,2.0390928
1.653,1.3455476
2.259,2.8219392
1.597,1.4204701
3.635,4.2138863
1.321,1.2604243
3.768,3.4899964
0.969,1.0266863
3.162,3.7571502
3.238,3.5235317
3.875,3.9884167
1.491,1.4486952
5.00001,5.19362
2.25,1.788525
1.788,2.0439727
0.875,1.164376
1.301,0.96609944
5.00001,4.447744
3.49,3.0246294
0.73,0.9306972
2.447,2.3905704
2.754,2.2500446
2.462,3.0458355
2.362,1.8581456
2.322,3.0045834
0.533,0.34674248
1.631,1.2063133
0.724,0.86308444
2.345,1.9802407
1.5,1.7131636
1.161,1.6188779
1.813,1.8612787
1.21,1.7935663
0.887,1.0743968
1.825,1.905971
1.974,2.3452342
1.281,1.3853691
0.765,0.928738
3.0,3.2179732
5.00001,4.5682516
1.603,1.7283661
3.356,3.6606534
1.576,1.5843413
1.906,2.5084226
1.808,1.9112712
1.042,1.1763792
1.118,1.4247644
1.941,1.9101461
2.538,3.4764316
1.295,2.2639463
1.176,1.4967481
3.398,4.135113
3.429,2.8119888
1.955,1.9642146
0.838,0.748575
0.942,1.1487432
1.406,1.2622089
1.609,2.6169431
1.693,1.6677774
2.759,2.5879955
1.462,1.4891765
2.023,1.7176808
1.54,1.3372666
1.355,1.4495788
2.359,2.4303327
1.288,1.2977207
2.496,2.0014334
3.0,2.6435015
1.341,1.5744758
3.086,3.384618
3.5,3.114573
1.108,1.3360094
1.908,2.0250447
1.088,0.9227046
1.444,1.4985743
1.629,1.5051062
1.639,1.8512411
0.98,0.8351139
1.327,1.4448186
2.831,2.32653
4.072,3.3462217
2.482,2.6287782
0.645,0.9733621
5.00001,3.071042
1.944,2.808032
1.375,1.8884921
1.273,1.3545249
0.853,1.2245955
1.949,1.9190563
2.211,2.2119281
1.922,1.8293574
4.045,3.0221915
0.735,0.8284242
2.337,2.0395439
1.188,0.96208704
0.7,1.2384843
1.828,1.7143307
5.00001,4.4960055
1.577,2.4699671
2.479,2.6867707
5.00001,4.192839
3.579,2.8076446
0.569,0.47055504
3.024,3.427807
1.254,1.4406984
3.864,2.5168805
1.756,1.607688
1.105,1.1829602
3.867,4.6065207
1.375,1.8370334
2.287,2.6487024
1.494,1.8568343
0.737,1.0015588
5.00001,3.8410459
1.321,1.2986104
0.865,1.1480668
4.179,3.5503845
1.726,1.52016
0.997,0.88925165
0.725,1.3354133
1.808,2.2246752
3.084,2.5927744
2.883,3.024662
3.022,2.577529
2.888,3.8329625
1.0,1.3555719
2.33,2.146559
1.369,1.5493759
2.094,2.8798335
2.466,2.61136
0.652,1.514712
4.912,3.5701716
3.567,3.3126788
1.643,2.2063532
0.882,1.0519625
1.559,1.3402421
1.917,1.8355705
0.844,1.4261101
1.901,2.4875011
1.125,0.8122981
1.152,1.76972
1.746,1.7664459
1.135,1.3311473
1.524,2.0716407
2.503,2.2329009
1.837,1.7961484
5.00001,2.4886234
3.109,2.9830146
2.306,2.0206378
0.685,1.3942748
2.674,2.5711968
1.453,1.7086072
2.82,2.8929322
2.821,1.4521928
1.898,2.0385094
2.544,2.5057836
1.617,1.7050644
1.888,1.8009197
5.00001,3.5956917
0.944,0.8280198
3.428,2.6284592
1.915,2.7894301
2.096,2.1011615
2.35,2.1048257
2.314,3.677768
1.302,1.7341503
2.082,1.9777944
5.00001,5.144694
1.686,2.0212708
2.281,1.9188638
1.269,1.6687888
1.355,1.4945931
1.567,1.8323683
2.086,2.051588
4.367,2.4118197
0.71,0.5656436
0.888,0.86023414
3.416,3.5020332
1.202,1.1663666
1.482,1.5037742
5.00001,4.151265
3.75,2.520257
1.375,1.4409494
0.648,0.538412
2.318,2.480321
1.607,1.7979156
2.51,2.4570384
1.425,1.7890049
1.765,1.7805798
1.771,2.6377032
3.118,3.5513783
0.846,1.1582417
1.226,1.0041353
1.982,2.0462701
5.0,3.959305
2.798,3.3140996
1.95,1.9729084
2.028,1.5941275
3.541,3.2421544
2.595,2.412715
5.00001,3.1040833
2.724,2.7549264
1.839,1.728441
2.858,2.2523222
2.25,2.2381632
2.926,2.4304874
0.552,0.32465577
2.62,2.0121472
1.589,1.5863138
1.721,2.1021953
1.917,2.0189843
2.25,2.1861804
1.083,1.2643337
1.136,0.94947743
1.0,1.273604
1.917,1.7485416
1.172,0.93161416
1.106,0.94181377
0.802,0.96488297
0.981,1.7713999
2.538,2.362353
0.481,0.3904665
1.928,1.7134699
1.328,1.0847579
1.963,1.755548
3.208,2.8255775
3.194,3.5754998
2.037,2.6622941
2.071,2.3218849
0.799,0.79837936
5.00001,3.7346945
3.3,1.8577231
1.39,1.4511528
1.875,1.9544742
4.483,3.0345466
1.763,1.7662419
1.759,1.156169
1.042,1.5265269
1.622,1.7520466
1.668,1.8267875
1.612,1.4261491
1.531,1.7388434
1.569,0.88252836
1.581,1.6508164
0.769,1.0564121
1.654,1.7161928
0.735,1.517759
1.184,1.4621773
1.424,1.7067561
2.803,2.7580667
1.072,1.2641582
1.833,1.7899102
0.988,0.63930213
2.345,2.0133858
1.435,1.7746261
1.08,1.7742661
0.978,0.32453182
0.705,0.7624912
2.259,1.6293155
2.398,2.4819
1.364,1.6944271
1.806,1.6120586
2.396,2.392476
2.657,2.822647
2.042,1.9926567
1.225,1.8799248
2.04,2.8988547
1.953,1.9607838
2.158,2.0803533
5.00001,4.5371947
0.758,0.7233201
2.654,3.304372
2.737,3.9020936
1.164,1.478436
0.594,0.7037133
1.37,1.2286814
1.192,0.7227176
2.442,2.8458974
1.7,1.7871679
2.803,3.7651038
2.85,3.4001725
1.026,1.5745347
1.205,0.9372499
3.616,4.2829037
4.553,4.266932
2.134,2.4166987
1.58,2.1447227
2.17,2.0627427
0.637,0.6134526
2.443,3.0834804
1.511,1.8670943
1.108,0.99297893
4.338,4.3431416
0.729,0.9458475
1.085,1.587109
4.526,4.123814
4.676,4.3427086
2.633,2.1878731
2.668,1.7109717
5.00001,4.7795715
0.723,0.839376
1.515,1.927959
